{"joint_accuracy": 0.2912, "act_rec": 0.7696, "act_prec": 0.8180272108843537, "act_f1": 0.7930750206100577, "slot_rec": 0.3453757225433526, "slot_prec": 0.37285491419656785, "slot_f1": 0.3585896474118529}