{"joint_accuracy": 0.6327764343811827, "act_rec": 0.8010551769619697, "act_prec": 0.8387616526642881, "act_f1": 0.8194748973969752, "slot_rec": 0.7870758273984081, "slot_prec": 0.7676200204290092, "slot_f1": 0.7772261867825008}