{"joint_accuracy": 0.3651226158038147, "act_rec": 0.6212534059945504, "act_prec": 0.6867469879518072, "act_f1": 0.6523605150214592, "slot_rec": 0.578125, "slot_prec": 0.5836985100788782, "slot_f1": 0.5808983863933711}