{"joint_accuracy": 0.5584, "act_rec": 0.7616, "act_prec": 0.8026981450252951, "act_f1": 0.7816091954022989, "slot_rec": 0.7326589595375722, "slot_prec": 0.6954732510288066, "slot_f1": 0.7135819845179452}