{"joint_accuracy": 0.14032697547683923, "act_rec": 0.3555858310626703, "act_prec": 0.6098130841121495, "act_f1": 0.4492254733218588, "slot_rec": 0.15104166666666666, "slot_prec": 0.5, "slot_f1": 0.232}