{"joint_accuracy": 0.4359673024523161, "act_rec": 0.6525885558583107, "act_prec": 0.7054491899852725, "act_f1": 0.6779900920028309, "slot_rec": 0.6588541666666666, "slot_prec": 0.6594265855777585, "slot_f1": 0.659140251845419}