{"joint_accuracy": 0.17256539898878875, "act_rec": 0.5085733128160035, "act_prec": 0.6830528491290228, "act_f1": 0.583039314516129, "slot_rec": 0.029849183074989526, "slot_prec": 0.06050955414012739, "slot_f1": 0.03997755645953149}