{"joint_accuracy": 0.6547592877555507, "act_rec": 0.8155638601890526, "act_prec": 0.8475157053112508, "act_f1": 0.8312328460202768, "slot_rec": 0.7969208211143695, "slot_prec": 0.7925216123320488, "slot_f1": 0.7947151287273486}