{"r1": 0.167912984364378, "r5": 0.3881713120326309, "r10": 0.580693405846363, "mean": 11.485112168592794, "mrr": 0.29251819220235137, "bleu": 0.1009899260844755}