{"joint_accuracy": 0.4630688063310618, "act_rec": 0.718399648274346, "act_prec": 0.7664165103189493, "act_f1": 0.7416316804720299, "slot_rec": 0.6147884373690825, "slot_prec": 0.5758854115569508, "slot_f1": 0.5947013829086671}