{"joint_accuracy": 0.3667953667953668, "act_rec": 0.6525096525096525, "act_prec": 0.7161016949152542, "act_f1": 0.6828282828282829, "slot_rec": 0.5273972602739726, "slot_prec": 0.5403508771929825, "slot_f1": 0.5337954939341422}