{"joint_accuracy": 0.4816, "act_rec": 0.7488, "act_prec": 0.7959183673469388, "act_f1": 0.7716405605935697, "slot_rec": 0.6257225433526011, "slot_prec": 0.6030640668523677, "slot_f1": 0.6141843971631206}