{"joint_accuracy": 0.35967302452316074, "act_rec": 0.6103542234332425, "act_prec": 0.676737160120846, "act_f1": 0.6418338108882522, "slot_rec": 0.5746527777777778, "slot_prec": 0.5726643598615917, "slot_f1": 0.5736568457538996}