{"joint_accuracy": 0.6321169487799516, "act_rec": 0.7967685205539679, "act_prec": 0.8380346820809249, "act_f1": 0.8168807752986252, "slot_rec": 0.7863426895684961, "slot_prec": 0.764562118126273, "slot_f1": 0.7752994630318051}