{"joint_accuracy": 0.4384, "act_rec": 0.7024, "act_prec": 0.7517123287671232, "act_f1": 0.7262200165425973, "slot_rec": 0.5953757225433526, "slot_prec": 0.557510148849797, "slot_f1": 0.5758211041229909}