{"joint_accuracy": 0.5504506484941746, "act_rec": 0.8079797757748955, "act_prec": 0.8418460833715071, "act_f1": 0.8245653393157598, "slot_rec": 0.6985756179304566, "slot_prec": 0.6650712932495763, "slot_f1": 0.6814118608571283}