{"joint_accuracy": 0.6487140030775995, "act_rec": 0.8081996043086392, "act_prec": 0.8418822990611403, "act_f1": 0.8246971736204576, "slot_rec": 0.7976539589442815, "slot_prec": 0.7733549959382616, "slot_f1": 0.7853165601154877}