{"r1": 0.24459551325628823, "r5": 0.48891910265125765, "r10": 0.6161794697484704, "mean": 15.901835486063902, "mrr": 0.36497107885544355, "bleu": 0.10845298191999564}