{"joint_accuracy": 0.5109393423293593, "act_rec": 0.7129568976811215, "act_prec": 0.7541574279379157, "act_f1": 0.7329786517610614, "slot_rec": 0.7309918338222469, "slot_prec": 0.7260985982044417, "slot_f1": 0.7285369997234404}