{"joint_accuracy": 0.508974191012708, "act_rec": 0.713218917856675, "act_prec": 0.7543300540390744, "act_f1": 0.7331986531986531, "slot_rec": 0.7323396495679061, "slot_prec": 0.7281828931809223, "slot_f1": 0.7302553561546367}