{"joint_accuracy": 0.3575265295427748, "act_rec": 0.6329097340495218, "act_prec": 0.6932127995408236, "act_f1": 0.6616901794274755, "slot_rec": 0.59383176088163, "slot_prec": 0.5960054109970557, "slot_f1": 0.5949166004765687}