{"joint_accuracy": 0.513297523909341, "act_rec": 0.7141359884711123, "act_prec": 0.7572936926924145, "act_f1": 0.7350819229991233, "slot_rec": 0.7322603662887497, "slot_prec": 0.7293690278764906, "slot_f1": 0.730811837316031}