{"r1": 0.22771910320548452, "r5": 0.4706318324995368, "r10": 0.6175653140633686, "mean": 15.474522883083194, "mrr": 0.3496207777170162, "bleu": 0.12495535186145558}