{"r1": 0.24272744117102094, "r5": 0.4976838984621086, "r10": 0.642023346303502, "mean": 14.541967759866592, "mrr": 0.3687648906669768, "bleu": 0.14080285648816365}