{"joint_accuracy": 0.6368, "act_rec": 0.8032, "act_prec": 0.8352745424292846, "act_f1": 0.8189233278955954, "slot_rec": 0.7803468208092486, "slot_prec": 0.7848837209302325, "slot_f1": 0.782608695652174}