{"joint_accuracy": 0.6405803473290833, "act_rec": 0.8451307979775775, "act_prec": 0.8846065347445927, "act_f1": 0.8644182124789206, "slot_rec": 0.7782781734394638, "slot_prec": 0.7521255060728745, "slot_f1": 0.7649783817171093}