{"joint_accuracy": 0.6227742360958453, "act_rec": 0.7946801494834029, "act_prec": 0.8317993557294063, "act_f1": 0.8128161888701518, "slot_rec": 0.7782781734394638, "slot_prec": 0.7521255060728745, "slot_f1": 0.7649783817171093}