{"joint_accuracy": 0.2064, "act_rec": 0.4784, "act_prec": 0.7085308056872038, "act_f1": 0.5711556829035338, "slot_rec": 0.17341040462427745, "slot_prec": 0.3821656050955414, "slot_f1": 0.23856858846918486}