{"joint_accuracy": 0.0994550408719346, "act_rec": 0.31743869209809267, "act_prec": 0.6383561643835617, "act_f1": 0.424021838034577, "slot_rec": 0.013888888888888888, "slot_prec": 0.05947955390334572, "slot_f1": 0.02251935256861365}