{"joint_accuracy": 0.2864, "act_rec": 0.7648, "act_prec": 0.8143100511073254, "act_f1": 0.7887788778877888, "slot_rec": 0.35260115606936415, "slot_prec": 0.35311143270622286, "slot_f1": 0.3528561099060014}