{"joint_accuracy": 0.6730050560562761, "act_rec": 0.8600791382721478, "act_prec": 0.893877084761252, "act_f1": 0.876652475913063, "slot_rec": 0.7969208211143695, "slot_prec": 0.7925216123320488, "slot_f1": 0.7947151287273486}