{"joint_accuracy": 0.6450868322708287, "act_rec": 0.8095185755111013, "act_prec": 0.8495789595109009, "act_f1": 0.8290651207294422, "slot_rec": 0.7673858399664851, "slot_prec": 0.8124861388334442, "slot_f1": 0.7892922546590543}