{"joint_accuracy": 0.46131017806111235, "act_rec": 0.664211914706529, "act_prec": 0.7159104371519962, "act_f1": 0.6890928787274077, "slot_rec": 0.63353581901969, "slot_prec": 0.6415314455403542, "slot_f1": 0.6375085629973126}