{"joint_accuracy": 0.20059353704110794, "act_rec": 0.2929215212134535, "act_prec": 0.5357860876558103, "act_f1": 0.3787663445139284, "slot_rec": 0.33420611646418097, "slot_prec": 0.5789187227866474, "slot_f1": 0.4237715803452855}