{"joint_accuracy": 0.29094306440976037, "act_rec": 0.3998681028797538, "act_prec": 0.6742031134173462, "act_f1": 0.5020008279287981, "slot_rec": 0.4211353162966066, "slot_prec": 0.6151139666513691, "slot_f1": 0.49996891513832764}