{"joint_accuracy": 0.35967302452316074, "act_rec": 0.5926430517711172, "act_prec": 0.6671779141104295, "act_f1": 0.6277056277056277, "slot_rec": 0.5763888888888888, "slot_prec": 0.5753899480069324, "slot_f1": 0.5758889852558542}