{"joint_accuracy": 0.22070844686648503, "act_rec": 0.39373297002724794, "act_prec": 0.45440251572327045, "act_f1": 0.4218978102189781, "slot_rec": 0.4461805555555556, "slot_prec": 0.46684831970935514, "slot_f1": 0.45628051486906346}