{"joint_accuracy": 0.5264, "act_rec": 0.8, "act_prec": 0.8403361344537815, "act_f1": 0.8196721311475411, "slot_rec": 0.6560693641618497, "slot_prec": 0.6485714285714286, "slot_f1": 0.6522988505747127}