{"joint_accuracy": 0.6482743460101121, "act_rec": 0.8099582325785887, "act_prec": 0.842652944539737, "act_f1": 0.8259821778848849, "slot_rec": 0.7979681608713867, "slot_prec": 0.7748398250788162, "slot_f1": 0.7862339404571487}