{"joint_accuracy": 0.5597933611782809, "act_rec": 0.8163332600571555, "act_prec": 0.8477342769090287, "act_f1": 0.8317374993000728, "slot_rec": 0.6871596145789695, "slot_prec": 0.6849357970560601, "slot_f1": 0.6860459036963455}