{"0": {"loss": 8.682649649199178, "perplexity": 5899.657923818667, "bleu": -1.0, "action_accuracy": 0.1885228920654651, "action_perplexity": 10.037851644652992, "action_attribute": 0.047331639135959336, "r1": 0.011394240729231406, "r5": 0.06049305987155583, "r10": 0.13465920861818936, "mean": 47.373109591879015, "mrr": 0.059174363139984365}, "5": {"loss": 5.0496769241346655, "perplexity": 155.97206553545016, "bleu": -1.0, "action_accuracy": 0.7808162419722395, "action_perplexity": 1.74584210360271, "action_attribute": 0.4027777777777778, "r1": 0.07520198881292728, "r5": 0.18997306815827636, "r10": 0.2786409778330226, "mean": 36.68531178785995, "mrr": 0.14858402029618617}}