{"joint_accuracy": 0.43460490463215257, "act_rec": 0.6430517711171662, "act_prec": 0.7034277198211625, "act_f1": 0.6718861209964413, "slot_rec": 0.6545138888888888, "slot_prec": 0.660245183887916, "slot_f1": 0.6573670444638187}