{"joint_accuracy": 0.5328180269880781, "act_rec": 0.7267129568976811, "act_prec": 0.763944360280953, "act_f1": 0.7448637035047669, "slot_rec": 0.7397129945294537, "slot_prec": 0.7489163589661262, "slot_f1": 0.7442862271149934}