{"r1": 0.24550676301649063, "r5": 0.48934593292569945, "r10": 0.6253474152306837, "mean": 15.525291828793774, "mrr": 0.3664184905489207, "bleu": 0.12769703403734647}