{"joint_accuracy": 0.661464058034733, "act_rec": 0.817322488459002, "act_prec": 0.8492462311557789, "act_f1": 0.8329786042343452, "slot_rec": 0.802681189777964, "slot_prec": 0.79825018227268, "slot_f1": 0.8004595540237088}