{"r1": 0.24908225696804895, "r5": 0.48905506458191705, "r10": 0.6020394289598913, "mean": 16.276002719238612, "mrr": 0.3662088869979865, "bleu": 0.10472061134693585}