{"joint_accuracy": 0.29411764705882354, "act_rec": 0.5808987292021486, "act_prec": 0.6433546140452698, "act_f1": 0.6105335628227194, "slot_rec": 0.503924522318243, "slot_prec": 0.5408901370096162, "slot_f1": 0.5217534066655721}