{"joint_accuracy": 0.6528907452187294, "act_rec": 0.8110573752473071, "act_prec": 0.8469926538108357, "act_f1": 0.8286355979786637, "slot_rec": 0.7928361960620025, "slot_prec": 0.7929192416465906, "slot_f1": 0.792877716679759}