{"joint_accuracy": 0.5574851615739723, "act_rec": 0.806331061771818, "act_prec": 0.8409950705032673, "act_f1": 0.8232983558722856, "slot_rec": 0.7074780058651027, "slot_prec": 0.6695410843492913, "slot_f1": 0.6879869633854458}