{"joint_accuracy": 0.5011135857461024, "act_rec": 0.721341543298834, "act_prec": 0.7556958550645073, "act_f1": 0.7381191768885313, "slot_rec": 0.7381273289463253, "slot_prec": 0.7094414386954202, "slot_f1": 0.7235001554243085}