{"joint_accuracy": 0.5319009563736408, "act_rec": 0.7242237652299227, "act_prec": 0.7643805309734514, "act_f1": 0.7437605112680794, "slot_rec": 0.7359073971299452, "slot_prec": 0.7512747875354108, "slot_f1": 0.7435116949695609}