{"joint_accuracy": 0.6304, "act_rec": 0.8016, "act_prec": 0.8420168067226891, "act_f1": 0.8213114754098361, "slot_rec": 0.7774566473988439, "slot_prec": 0.7752161383285303, "slot_f1": 0.7763347763347763}