{"joint_accuracy": 0.6304682347768741, "act_rec": 0.7994064629588921, "act_prec": 0.8359770114942529, "act_f1": 0.8172828407686258, "slot_rec": 0.7888563049853372, "slot_prec": 0.7625797306874557, "slot_f1": 0.7754954954954955}