{"joint_accuracy": 0.6487140030775995, "act_rec": 0.8488678830512201, "act_prec": 0.8878031957696287, "act_f1": 0.8678990841153004, "slot_rec": 0.7888563049853372, "slot_prec": 0.7627341772151899, "slot_f1": 0.7755753488132626}