{"joint_accuracy": 0.6416, "act_rec": 0.7824, "act_prec": 0.8204697986577181, "act_f1": 0.8009828009828011, "slot_rec": 0.7875722543352601, "slot_prec": 0.7933042212518195, "slot_f1": 0.7904278462654099}