{"joint_accuracy": 0.14577656675749318, "act_rec": 0.37329700272479566, "act_prec": 0.6255707762557078, "act_f1": 0.46757679180887374, "slot_rec": 0.15711805555555555, "slot_prec": 0.5041782729805014, "slot_f1": 0.23957643944407675}