{"joint_accuracy": 0.42370572207084467, "act_rec": 0.6839237057220708, "act_prec": 0.7459138187221397, "act_f1": 0.7135749822316987, "slot_rec": 0.6032986111111112, "slot_prec": 0.6465116279069767, "slot_f1": 0.6241580601706331}