{"joint_accuracy": 0.44141689373297005, "act_rec": 0.6485013623978202, "act_prec": 0.7062314540059347, "act_f1": 0.6761363636363636, "slot_rec": 0.6484375, "slot_prec": 0.6897506925207756, "slot_f1": 0.6684563758389261}