{"joint_accuracy": 0.33220338983050846, "act_rec": 0.5423728813559322, "act_prec": 0.6106870229007634, "act_f1": 0.5745062836624776, "slot_rec": 0.5562770562770563, "slot_prec": 0.5990675990675991, "slot_f1": 0.5768799102132436}