{"joint_accuracy": 0.4264305177111717, "act_rec": 0.6907356948228883, "act_prec": 0.7511111111111111, "act_f1": 0.7196593328601844, "slot_rec": 0.6128472222222222, "slot_prec": 0.6447488584474886, "slot_f1": 0.6283934134401424}