{"joint_accuracy": 0.023450805712039828, "act_rec": 0.03956504650858116, "act_prec": 0.3491329479768786, "act_f1": 0.07107554718757356, "slot_rec": 0.08396099262665503, "slot_prec": 0.631484794275492, "slot_f1": 0.14821553533939816}