{"joint_accuracy": 0.004454342984409799, "act_rec": 0.014673129830996987, "act_prec": 0.2660332541567696, "act_f1": 0.027812267196424136, "slot_rec": 0.027432014588123364, "slot_prec": 0.4464516129032258, "slot_f1": 0.05168807887660591}