{"joint_accuracy": 0.3618498624394078, "act_rec": 0.5776234770077296, "act_prec": 0.6337501796751474, "act_f1": 0.6043865661411926, "slot_rec": 0.5947038769523507, "slot_prec": 0.6246668887408394, "slot_f1": 0.6093172495024572}