{"joint_accuracy": 0.005371413598847111, "act_rec": 0.011790907899908293, "act_prec": 0.2452316076294278, "act_f1": 0.022500000000000003, "slot_rec": 0.04741140093554269, "slot_prec": 0.6334745762711864, "slot_f1": 0.0882201076934425}