{"joint_accuracy": 0.2128, "act_rec": 0.4944, "act_prec": 0.7070938215102975, "act_f1": 0.5819209039548023, "slot_rec": 0.20809248554913296, "slot_prec": 0.43636363636363634, "slot_f1": 0.28180039138943247}