{"joint_accuracy": 0.5563860189052539, "act_rec": 0.8067707188393053, "act_prec": 0.8413571756075194, "act_f1": 0.8237010436539108, "slot_rec": 0.7056975282781734, "slot_prec": 0.6723208940331271, "slot_f1": 0.688605007664793}