{"r1": 0.20407885791978245, "r5": 0.4518014955812373, "r10": 0.5812372535690007, "mean": 16.772807613868117, "mrr": 0.3252202045594504, "bleu": 0.09491705860953537}