{"joint_accuracy": 0.6336, "act_rec": 0.8, "act_prec": 0.8417508417508418, "act_f1": 0.8203445447087776, "slot_rec": 0.7615606936416185, "slot_prec": 0.7738619676945668, "slot_f1": 0.7676620538965767}