{"joint_accuracy": 0.5136, "act_rec": 0.7104, "act_prec": 0.7589743589743589, "act_f1": 0.7338842975206612, "slot_rec": 0.6936416184971098, "slot_prec": 0.6751054852320675, "slot_f1": 0.684248039914469}