{"joint_accuracy": 0.6288, "act_rec": 0.7872, "act_prec": 0.822742474916388, "act_f1": 0.8045789043336059, "slot_rec": 0.7861271676300579, "slot_prec": 0.7771428571428571, "slot_f1": 0.7816091954022989}