{"joint_accuracy": 0.21052631578947367, "act_rec": 0.3157894736842105, "act_prec": 0.5915492957746479, "act_f1": 0.4117647058823529, "slot_rec": 0.31543624161073824, "slot_prec": 0.5402298850574713, "slot_f1": 0.3983050847457627}