{"joint_accuracy": 0.2556390977443609, "act_rec": 0.37593984962406013, "act_prec": 0.6410256410256411, "act_f1": 0.47393364928909953, "slot_rec": 0.3624161073825503, "slot_prec": 0.5567010309278351, "slot_f1": 0.43902439024390244}