{"joint_accuracy": 0.2706766917293233, "act_rec": 0.41353383458646614, "act_prec": 0.6875, "act_f1": 0.5164319248826291, "slot_rec": 0.3825503355704698, "slot_prec": 0.5816326530612245, "slot_f1": 0.4615384615384615}