{"joint_accuracy": 0.22556390977443608, "act_rec": 0.38345864661654133, "act_prec": 0.6455696202531646, "act_f1": 0.48113207547169806, "slot_rec": 0.3624161073825503, "slot_prec": 0.5294117647058824, "slot_f1": 0.43027888446215135}