{"joint_accuracy": 0.18045112781954886, "act_rec": 0.22556390977443608, "act_prec": 0.8333333333333334, "act_f1": 0.35502958579881655, "slot_rec": 0.0738255033557047, "slot_prec": 0.7333333333333333, "slot_f1": 0.13414634146341464}