{"joint_accuracy": 0.2556390977443609, "act_rec": 0.42105263157894735, "act_prec": 0.6588235294117647, "act_f1": 0.5137614678899083, "slot_rec": 0.35570469798657717, "slot_prec": 0.5698924731182796, "slot_f1": 0.4380165289256198}