{"joint_accuracy": 0.21804511278195488, "act_rec": 0.3609022556390977, "act_prec": 0.6, "act_f1": 0.45070422535211263, "slot_rec": 0.30201342281879195, "slot_prec": 0.4945054945054945, "slot_f1": 0.375}