{"joint_accuracy": 0.007518796992481203, "act_rec": 0.007518796992481203, "act_prec": 0.023255813953488372, "act_f1": 0.011363636363636364, "slot_rec": 0.2751677852348993, "slot_prec": 0.6119402985074627, "slot_f1": 0.37962962962962965}