{"joint_accuracy": 0.21804511278195488, "act_rec": 0.3609022556390977, "act_prec": 0.5925925925925926, "act_f1": 0.4485981308411215, "slot_rec": 0.3624161073825503, "slot_prec": 0.5192307692307693, "slot_f1": 0.4268774703557312}