{"joint_accuracy": 0.022556390977443608, "act_rec": 0.2857142857142857, "act_prec": 0.40860215053763443, "act_f1": 0.336283185840708, "slot_rec": 0.026845637583892617, "slot_prec": 0.046511627906976744, "slot_f1": 0.034042553191489355}