{"joint_accuracy": 0.17293233082706766, "act_rec": 0.3383458646616541, "act_prec": 0.5487804878048781, "act_f1": 0.41860465116279066, "slot_rec": 0.18791946308724833, "slot_prec": 0.3333333333333333, "slot_f1": 0.240343347639485}