{"joint_accuracy": 0.4092664092664093, "act_rec": 0.640926640926641, "act_prec": 0.7063829787234043, "act_f1": 0.6720647773279353, "slot_rec": 0.6301369863013698, "slot_prec": 0.6153846153846154, "slot_f1": 0.622673434856176}