{"joint_accuracy": 0.21052631578947367, "act_rec": 0.3533834586466165, "act_prec": 0.5875, "act_f1": 0.4413145539906103, "slot_rec": 0.3624161073825503, "slot_prec": 0.5192307692307693, "slot_f1": 0.4268774703557312}