{"joint_accuracy": 0.52, "act_rec": 0.7984, "act_prec": 0.838655462184874, "act_f1": 0.8180327868852458, "slot_rec": 0.6546242774566474, "slot_prec": 0.6434659090909091, "slot_f1": 0.6489971346704871}