{"joint_accuracy": 0.29291553133514986, "act_rec": 0.5599455040871935, "act_prec": 0.6332819722650231, "act_f1": 0.5943600867678959, "slot_rec": 0.4826388888888889, "slot_prec": 0.5250236071765817, "slot_f1": 0.5029398462234284}