{"joint_accuracy": 0.5499010771598154, "act_rec": 0.8080896900417674, "act_prec": 0.8417678039844286, "act_f1": 0.8245850157021085, "slot_rec": 0.6977377461248429, "slot_prec": 0.6640749601275917, "slot_f1": 0.6804902962206333}