{"joint_accuracy": 0.6323367773136953, "act_rec": 0.7996262914926358, "act_prec": 0.8356305995864921, "act_f1": 0.8172320826780499, "slot_rec": 0.7930456640134059, "slot_prec": 0.7581097316780137, "slot_f1": 0.7751842751842751}