{"joint_accuracy": 0.5280281380523192, "act_rec": 0.7160914486700374, "act_prec": 0.7627912422432971, "act_f1": 0.738704008163728, "slot_rec": 0.6992040217846669, "slot_prec": 0.674820580208228, "slot_f1": 0.68679594671056}