{"joint_accuracy": 0.4250681198910082, "act_rec": 0.6907356948228883, "act_prec": 0.7511111111111111, "act_f1": 0.7196593328601844, "slot_rec": 0.6119791666666666, "slot_prec": 0.6438356164383562, "slot_f1": 0.6275033377837116}