{"joint_accuracy": 0.49591280653950953, "act_rec": 0.7002724795640327, "act_prec": 0.7547723935389133, "act_f1": 0.7265017667844523, "slot_rec": 0.6840277777777778, "slot_prec": 0.7105500450856628, "slot_f1": 0.6970367094206105}