{"joint_accuracy": 0.2576271186440678, "act_rec": 0.5627118644067797, "act_prec": 0.6335877862595419, "act_f1": 0.5960502692998205, "slot_rec": 0.45670995670995673, "slot_prec": 0.4861751152073733, "slot_f1": 0.47098214285714285}