{"r1": 0.2398368456832087, "r5": 0.48429639700883753, "r10": 0.605574439157036, "mean": 16.161522773623386, "mrr": 0.3597504722275579, "bleu": 0.10641361781482157}