{"joint_accuracy": 0.6492635744119587, "act_rec": 0.8084194328423829, "act_prec": 0.8420148826559817, "act_f1": 0.8248752313127349, "slot_rec": 0.7981776288227901, "slot_prec": 0.7744131693933544, "slot_f1": 0.7861158388777142}