{"joint_accuracy": 0.4373297002724796, "act_rec": 0.6485013623978202, "act_prec": 0.7062314540059347, "act_f1": 0.6761363636363636, "slot_rec": 0.6649305555555556, "slot_prec": 0.662057044079516, "slot_f1": 0.6634906886097878}