{"joint_accuracy": 0.6550890305561662, "act_rec": 0.8209496592657727, "act_prec": 0.8538927632331085, "act_f1": 0.8370972261137574, "slot_rec": 0.781524926686217, "slot_prec": 0.8067027027027027, "slot_f1": 0.7939142461964039}