{"joint_accuracy": 0.5621015607825895, "act_rec": 0.8105078039129479, "act_prec": 0.8440934065934066, "act_f1": 0.8269597398228102, "slot_rec": 0.711038961038961, "slot_prec": 0.6743816429919539, "slot_f1": 0.6922253377517206}