{"joint_accuracy": 0.4602384383597537, "act_rec": 0.7302502292676536, "act_prec": 0.7688275862068965, "act_f1": 0.7490425317476315, "slot_rec": 0.6741457226670895, "slot_prec": 0.6829718875502008, "slot_f1": 0.6785301041375733}