{"r1": 0.2082638502871966, "r5": 0.45673522327218824, "r10": 0.609042060403928, "mean": 15.780989438576988, "mrr": 0.3331428756561525, "bleu": 0.11654263795498344}