{"joint_accuracy": 0.5101532818026988, "act_rec": 0.713742958207782, "act_prec": 0.7545706371191135, "act_f1": 0.7335891739042617, "slot_rec": 0.7306747007056212, "slot_prec": 0.7284799620583353, "slot_f1": 0.7295756808106397}