{"joint_accuracy": 0.11035422343324251, "act_rec": 0.2888283378746594, "act_prec": 0.6144927536231884, "act_f1": 0.39295644114921224, "slot_rec": 0.0920138888888889, "slot_prec": 0.40304182509505704, "slot_f1": 0.14982332155477032}