{"joint_accuracy": 0.6582765442954496, "act_rec": 0.8212794020663882, "act_prec": 0.8543334095586553, "act_f1": 0.8374803855637749, "slot_rec": 0.782991202346041, "slot_prec": 0.8039574147757823, "slot_f1": 0.7933358094126385}