{"joint_accuracy": 0.10415301978252325, "act_rec": 0.4061312721079523, "act_prec": 0.6358974358974359, "act_f1": 0.4956827630316596, "slot_rec": 0.017680171251882978, "slot_prec": 0.058777016341591985, "slot_f1": 0.027183519229597122}