{"joint_accuracy": 0.543167823922442, "act_rec": 0.7373247740075985, "act_prec": 0.7767043886282087, "act_f1": 0.7565024531218495, "slot_rec": 0.7476413224450963, "slot_prec": 0.7527139208173691, "slot_f1": 0.750169046577304}