{"joint_accuracy": 0.1008174386920981, "act_rec": 0.4087193460490463, "act_prec": 0.6535947712418301, "act_f1": 0.5029337803855826, "slot_rec": 0.017361111111111112, "slot_prec": 0.05714285714285714, "slot_f1": 0.02663115845539281}