{"joint_accuracy": 0.4384, "act_rec": 0.7072, "act_prec": 0.7620689655172413, "act_f1": 0.7336099585062241, "slot_rec": 0.5838150289017341, "slot_prec": 0.5603328710124826, "slot_f1": 0.5718329794762915}