{"joint_accuracy": 0.5856, "act_rec": 0.7744, "act_prec": 0.8189509306260575, "act_f1": 0.7960526315789472, "slot_rec": 0.7471098265895953, "slot_prec": 0.7230769230769231, "slot_f1": 0.7348969438521677}