{"joint_accuracy": 0.3583106267029973, "act_rec": 0.6049046321525886, "act_prec": 0.6799387442572741, "act_f1": 0.6402307137707282, "slot_rec": 0.5616319444444444, "slot_prec": 0.5908675799086758, "slot_f1": 0.5758789497107254}