{"joint_accuracy": 0.22697296109034953, "act_rec": 0.5039569136073863, "act_prec": 0.7120670911632241, "act_f1": 0.5902040290918453, "slot_rec": 0.1922915793883536, "slot_prec": 0.38848920863309355, "slot_f1": 0.257250945775536}