{"r1": 0.22678450033990483, "r5": 0.46580557443915704, "r10": 0.5914343983684568, "mean": 16.6324949014276, "mrr": 0.3445106182961609, "bleu": 0.09830547959840026}