{"joint_accuracy": 0.572103759067927, "act_rec": 0.8176522312596175, "act_prec": 0.8508521102596363, "act_f1": 0.8339218653662911, "slot_rec": 0.7043359865940511, "slot_prec": 0.6925849639546859, "slot_f1": 0.6984110499532662}