{"joint_accuracy": 0.4332503602777414, "act_rec": 0.70614437311673, "act_prec": 0.7506963788300836, "act_f1": 0.7277391480456357, "slot_rec": 0.6552763022278602, "slot_prec": 0.6599856264473369, "slot_f1": 0.6576225334182049}