{"joint_accuracy": 0.2128, "act_rec": 0.5008, "act_prec": 0.7228637413394919, "act_f1": 0.5916824196597353, "slot_rec": 0.20520231213872833, "slot_prec": 0.4369230769230769, "slot_f1": 0.27925270403146507}