{"joint_accuracy": 0.4480545001965151, "act_rec": 0.717542250753308, "act_prec": 0.757852497578525, "act_f1": 0.7371467025572005, "slot_rec": 0.6667723777055419, "slot_prec": 0.6662441574902955, "slot_f1": 0.6665081629418291}