{"joint_accuracy": 0.36103542234332425, "act_rec": 0.5640326975476839, "act_prec": 0.6272727272727273, "act_f1": 0.5939741750358681, "slot_rec": 0.5894097222222222, "slot_prec": 0.629286376274328, "slot_f1": 0.608695652173913}