{"joint_accuracy": 0.6597054297647835, "act_rec": 0.8169927456583864, "act_prec": 0.8497770664227735, "act_f1": 0.8330624824880919, "slot_rec": 0.8038332635106828, "slot_prec": 0.7830034686798613, "slot_f1": 0.79328165374677}