{"joint_accuracy": 0.424, "act_rec": 0.5328, "act_prec": 0.5540765391014975, "act_f1": 0.5432300163132138, "slot_rec": 0.7817919075144508, "slot_prec": 0.7545327754532776, "slot_f1": 0.7679205110007097}