{"joint_accuracy": 0.42067339185117253, "act_rec": 0.6359229660683873, "act_prec": 0.6927358355929785, "act_f1": 0.6631147540983607, "slot_rec": 0.6561484182985808, "slot_prec": 0.6634068136272545, "slot_f1": 0.6597576530612246}