{"joint_accuracy": 0.5152, "act_rec": 0.7136, "act_prec": 0.7610921501706485, "act_f1": 0.7365813377374071, "slot_rec": 0.7008670520231214, "slot_prec": 0.669889502762431, "slot_f1": 0.6850282485875707}