{"joint_accuracy": 0.3776, "act_rec": 0.6768, "act_prec": 0.7293103448275862, "act_f1": 0.7020746887966804, "slot_rec": 0.5043352601156069, "slot_prec": 0.5117302052785924, "slot_f1": 0.5080058224163028}