{"joint_accuracy": 0.49318801089918257, "act_rec": 0.6961852861035422, "act_prec": 0.749266862170088, "act_f1": 0.7217514124293786, "slot_rec": 0.6857638888888888, "slot_prec": 0.6991150442477876, "slot_f1": 0.6923751095530236}