{"joint_accuracy": 0.4986376021798365, "act_rec": 0.6989100817438693, "act_prec": 0.7566371681415929, "act_f1": 0.7266288951841359, "slot_rec": 0.6796875, "slot_prec": 0.7118181818181818, "slot_f1": 0.6953818827708703}