{"joint_accuracy": 0.1616, "act_rec": 0.4992, "act_prec": 0.6872246696035242, "act_f1": 0.5783132530120482, "slot_rec": 0.04046242774566474, "slot_prec": 0.08832807570977919, "slot_f1": 0.05550049554013875}