{"joint_accuracy": 0.52, "act_rec": 0.7152, "act_prec": 0.764102564102564, "act_f1": 0.7388429752066116, "slot_rec": 0.6893063583815029, "slot_prec": 0.6824034334763949, "slot_f1": 0.6858375269590223}