{"joint_accuracy": 0.6411299186634425, "act_rec": 0.7924818641459661, "act_prec": 0.8305494758668356, "act_f1": 0.8110692389898195, "slot_rec": 0.7916841223292836, "slot_prec": 0.7800020637705087, "slot_f1": 0.7857996777379282}