{"joint_accuracy": 0.5084501506616009, "act_rec": 0.7120398270666841, "act_prec": 0.7531873614190687, "act_f1": 0.7320358273284396, "slot_rec": 0.7311504003805598, "slot_prec": 0.7269430868674129, "slot_f1": 0.7290406735444088}