{"r1": 0.22642208634426533, "r5": 0.4886047804335742, "r10": 0.6451732443950343, "mean": 14.3242542153048, "mrr": 0.3549646901635778, "bleu": 0.05244830296668214}