{"joint_accuracy": 0.4336, "act_rec": 0.6672, "act_prec": 0.7202072538860104, "act_f1": 0.6926910299003322, "slot_rec": 0.634393063583815, "slot_prec": 0.636231884057971, "slot_f1": 0.6353111432706222}