{"joint_accuracy": 0.43298834010218784, "act_rec": 0.7053583125900694, "act_prec": 0.7506971556051311, "act_f1": 0.727321850726106, "slot_rec": 0.6542456195988267, "slot_prec": 0.6597905173103062, "slot_f1": 0.6570063694267516}