{"r1": 0.1838058180470632, "r5": 0.4235686492495831, "r10": 0.5827311469334816, "mean": 16.335186214563645, "mrr": 0.3058878128992747, "bleu": 0.11132699833819763}