{"joint_accuracy": 0.6345350626511321, "act_rec": 0.8007254341613541, "act_prec": 0.8376451649994251, "act_f1": 0.8187693172239392, "slot_rec": 0.7995391705069125, "slot_prec": 0.7616482091190262, "slot_f1": 0.7801338715446324}