{"joint_accuracy": 0.5277086335647845, "act_rec": 0.7309052797065374, "act_prec": 0.7691989521577278, "act_f1": 0.7495633481123203, "slot_rec": 0.7414572266708951, "slot_prec": 0.7374812711931236, "slot_f1": 0.7394639044832766}