{"joint_accuracy": 0.4352, "act_rec": 0.7008, "act_prec": 0.7512864493996569, "act_f1": 0.7251655629139072, "slot_rec": 0.5939306358381503, "slot_prec": 0.5645604395604396, "slot_f1": 0.5788732394366198}