{"r1": 0.22160459514545117, "r5": 0.458958680748564, "r10": 0.5982953492681119, "mean": 16.161941819529368, "mrr": 0.34211231095114536, "bleu": 0.11927138619747778}