{"joint_accuracy": 0.4628586401152889, "act_rec": 0.7285470981265557, "act_prec": 0.766822945394374, "act_f1": 0.7471951629156869, "slot_rec": 0.6767620708792516, "slot_prec": 0.6841388154203735, "slot_f1": 0.6804304503786368}