{"joint_accuracy": 0.30517711171662126, "act_rec": 0.5844686648501363, "act_prec": 0.6519756838905775, "act_f1": 0.6163793103448275, "slot_rec": 0.4930555555555556, "slot_prec": 0.5196706312900274, "slot_f1": 0.5060133630289533}