{"joint_accuracy": 0.6643218289734008, "act_rec": 0.8189712024620796, "act_prec": 0.8509593421653723, "act_f1": 0.834658899966394, "slot_rec": 0.8073942186845413, "slot_prec": 0.79828103966035, "slot_f1": 0.8028117677688101}