{"r1": 0.25955132562882394, "r5": 0.4968048946295037, "r10": 0.6129163834126444, "mean": 15.901563562202583, "mrr": 0.3761213936084592, "bleu": 0.11111921677870866}