{"joint_accuracy": 0.6539898878874478, "act_rec": 0.8167729171246427, "act_prec": 0.8492571428571428, "act_f1": 0.8326983415508741, "slot_rec": 0.796711353162966, "slot_prec": 0.7948798328108673, "slot_f1": 0.7957945391777382}