{"joint_accuracy": 0.6472851176082656, "act_rec": 0.8078698615080238, "act_prec": 0.8413461538461539, "act_f1": 0.8242682516541439, "slot_rec": 0.7994344365312107, "slot_prec": 0.7731969205834684, "slot_f1": 0.7860968074150361}