{"joint_accuracy": 0.1456, "act_rec": 0.448, "act_prec": 0.684596577017115, "act_f1": 0.5415860735009672, "slot_rec": 0.02601156069364162, "slot_prec": 0.06293706293706294, "slot_f1": 0.03680981595092025}