{"joint_accuracy": 0.5126424734704572, "act_rec": 0.7140049783833355, "act_prec": 0.757049590220864, "act_f1": 0.7348975188781014, "slot_rec": 0.7323396495679061, "slot_prec": 0.7292752250118427, "slot_f1": 0.7308042248506665}