{"joint_accuracy": 0.656, "act_rec": 0.8128, "act_prec": 0.8466666666666667, "act_f1": 0.8293877551020408, "slot_rec": 0.8106936416184971, "slot_prec": 0.7890295358649789, "slot_f1": 0.7997148966500356}