{"joint_accuracy": 0.6403605187953396, "act_rec": 0.8049021763024841, "act_prec": 0.8413373161764706, "act_f1": 0.8227165487023931, "slot_rec": 0.7921030582320905, "slot_prec": 0.767895217788608, "slot_f1": 0.7798113110274786}