{"joint_accuracy": 0.5184, "act_rec": 0.7136, "act_prec": 0.7623931623931623, "act_f1": 0.7371900826446282, "slot_rec": 0.6907514450867052, "slot_prec": 0.6887608069164265, "slot_f1": 0.6897546897546897}