{"joint_accuracy": 0.5546273906353044, "act_rec": 0.8062211475049461, "act_prec": 0.8403987167736022, "act_f1": 0.8229552339279704, "slot_rec": 0.7029744449099288, "slot_prec": 0.6707975214871077, "slot_f1": 0.6865091541372609}