{"joint_accuracy": 0.3528610354223433, "act_rec": 0.6103542234332425, "act_prec": 0.676737160120846, "act_f1": 0.6418338108882522, "slot_rec": 0.5737847222222222, "slot_prec": 0.5727902946273831, "slot_f1": 0.5732870771899393}