{"joint_accuracy": 0.6456364036051879, "act_rec": 0.8088590899098703, "act_prec": 0.8416056724611162, "act_f1": 0.8249075215782984, "slot_rec": 0.7977586929199832, "slot_prec": 0.7755039706780696, "slot_f1": 0.7864739287558079}