{"joint_accuracy": 0.6636623433721697, "act_rec": 0.8565618817322489, "act_prec": 0.8914436055822467, "act_f1": 0.8736547085201796, "slot_rec": 0.7977586929199832, "slot_prec": 0.7755039706780696, "slot_f1": 0.7864739287558079}