{"joint_accuracy": 0.6416794899978017, "act_rec": 0.8055616619037151, "act_prec": 0.8418332184700207, "act_f1": 0.8232981352505054, "slot_rec": 0.7946166736489317, "slot_prec": 0.7672160986955203, "slot_f1": 0.780676030251582}