{"r1": 0.24038069340584636, "r5": 0.47573079537729435, "r10": 0.6038069340584636, "mean": 16.097212780421483, "mrr": 0.3569713871435655, "bleu": 0.10379909020812224}