{"joint_accuracy": 0.6208, "act_rec": 0.7888, "act_prec": 0.8355932203389831, "act_f1": 0.811522633744856, "slot_rec": 0.7630057803468208, "slot_prec": 0.7663280116110305, "slot_f1": 0.7646632874728457}
