{"joint_accuracy": 0.6470652890745219, "act_rec": 0.8054517476368432, "act_prec": 0.8403669724770643, "act_f1": 0.8225390055000562, "slot_rec": 0.7995391705069125, "slot_prec": 0.7738469336036493, "slot_f1": 0.7864832843970536}