{"joint_accuracy": 0.0, "act_rec": 0.0, "act_prec": 0.0, "act_f1": 0, "slot_rec": 0.09104046242774566, "slot_prec": 0.09143686502177069, "slot_f1": 0.09123823316437364}