{"joint_accuracy": 0.39777973180918885, "act_rec": 0.6748735985930974, "act_prec": 0.7283511269276394, "act_f1": 0.700593336376084, "slot_rec": 0.5305823209049015, "slot_prec": 0.5242678257269999, "slot_f1": 0.5274061735464057}