{"joint_accuracy": 0.2648933831611343, "act_rec": 0.3999780171466256, "act_prec": 0.6311134235171696, "act_f1": 0.4896393972012917, "slot_rec": 0.3419564306661081, "slot_prec": 0.5470844504021448, "slot_f1": 0.4208558906934778}