{"joint_accuracy": 0.10354223433242507, "act_rec": 0.3978201634877384, "act_prec": 0.6547085201793722, "act_f1": 0.4949152542372881, "slot_rec": 0.019097222222222224, "slot_prec": 0.06432748538011696, "slot_f1": 0.029451137884872823}