{"joint_accuracy": 0.42915531335149865, "act_rec": 0.6907356948228883, "act_prec": 0.7477876106194691, "act_f1": 0.718130311614731, "slot_rec": 0.6145833333333334, "slot_prec": 0.641885766092475, "slot_f1": 0.6279379157427938}