{"joint_accuracy": 0.6336, "act_rec": 0.8096, "act_prec": 0.8433333333333334, "act_f1": 0.8261224489795919, "slot_rec": 0.7803468208092486, "slot_prec": 0.7552447552447552, "slot_f1": 0.767590618336887}