{"joint_accuracy": 0.016267311497032314, "act_rec": 0.016597054297647833, "act_prec": 0.020533043241773186, "act_f1": 0.018356430829078528, "slot_rec": 0.00020946795140343527, "slot_prec": 0.00042817383857846286, "slot_f1": 0.00028131373514311836}