{"joint_accuracy": 0.15629503471767325, "act_rec": 0.39093410192584827, "act_prec": 0.6419965576592083, "act_f1": 0.48595391254783815, "slot_rec": 0.16601918655355585, "slot_prec": 0.5501839201261166, "slot_f1": 0.255070345331628}