{"joint_accuracy": 0.528, "act_rec": 0.8, "act_prec": 0.8389261744966443, "act_f1": 0.819000819000819, "slot_rec": 0.661849710982659, "slot_prec": 0.6487252124645893, "slot_f1": 0.6552217453505006}